{
  "timestamp": "2025-07-18T04:12:48.289Z",
  "summary": {
    "target_file": "/ARCHIVE/backups/BACKUP_ESSENTIAL/COMPLETE_PORTFOLIO_BUILD.html",
    "conflicts_resolved": 73,
    "fixes_applied": 3,
    "conflict_lines_targeted": 51
  },
  "conflicts": [
    {
      "original": "py-16 py-20 py-24",
      "resolved": "py-24",
      "context": "class=\"hero-gradient py-16 py-20 py-24\""
    },
    {
      "original": "py-16 py-20",
      "resolved": "py-20",
      "context": "class=\"px-4 px-0 py-16 py-20\""
    },
    {
      "original": "py-4 py-5",
      "resolved": "py-5",
      "context": "class=\"btn-premium px-8 px-10 py-4 py-5 text-base text-lg\""
    },
    {
      "original": "px-8 px-10",
      "resolved": "px-10",
      "context": "class=\"btn-premium px-8 px-10 text-base text-lg py-5\""
    },
    {
      "original": "px-4 px-0",
      "resolved": "px-4",
      "context": "class=\"px-4 px-0\""
    },
    {
      "original": "px-4 px-0",
      "resolved": "px-4",
      "context": "class=\"px-4 px-0\""
    },
    {
      "original": "px-4 px-0",
      "resolved": "px-4",
      "context": "class=\"px-4 px-0\""
    },
    {
      "original": "px-4 px-0",
      "resolved": "px-4",
      "context": "class=\"px-4 px-0\""
    },
    {
      "original": "px-4 px-0",
      "resolved": "px-4",
      "context": "class=\"px-4 px-0 py-20\""
    },
    {
      "original": "pb-16 pb-20",
      "resolved": "pb-20",
      "context": "class=\"container mx-auto pb-16 pb-20\""
    },
    {
      "original": "mb-4 mb-6",
      "resolved": "mb-6",
      "context": "class=\"text-4xl text-5xl mb-4 mb-6 animate-float\""
    },
    {
      "original": "mb-4 mb-6",
      "resolved": "mb-6",
      "context": "class=\"text-2xl text-3xl mb-4 mb-6\""
    },
    {
      "original": "mb-4 mb-6",
      "resolved": "mb-6",
      "context": "class=\"text-base text-lg mb-4 mb-6 leading-relaxed\""
    },
    {
      "original": "mb-6 mb-8",
      "resolved": "mb-8",
      "context": "class=\"hero-title mb-6 mb-8 tracking-tight leading-tight\""
    },
    {
      "original": "mb-6 mb-8",
      "resolved": "mb-8",
      "context": "class=\"text-premium-lg text-muted-foreground mb-6 mb-8 max-w-3xl mx-auto leading-relaxed\""
    },
    {
      "original": "mb-6 mb-8",
      "resolved": "mb-8",
      "context": "class=\"text-2xl text-3xl mb-6 mb-8\""
    },
    {
      "original": "mb-6 mb-8",
      "resolved": "mb-8",
      "context": "class=\"text-2xl text-3xl mb-6 mb-8\""
    },
    {
      "original": "mb-6 mb-8",
      "resolved": "mb-8",
      "context": "class=\"text-2xl text-3xl mb-6 mb-8\""
    },
    {
      "original": "mb-8 mb-12",
      "resolved": "mb-12",
      "context": "class=\"text-base text-lg text-muted-foreground mb-8 mb-12 max-w-2xl mx-auto leading-relaxed\""
    },
    {
      "original": "mb-8 mb-12",
      "resolved": "mb-12",
      "context": "class=\"mb-8 mb-12\""
    },
    {
      "original": "mb-8 mb-12",
      "resolved": "mb-12",
      "context": "class=\"grid grid-cols-1 grid-cols-2 gap-4 gap-6 mb-8 mb-12\""
    },
    {
      "original": "mb-12 mb-16",
      "resolved": "mb-16",
      "context": "class=\"mb-12 mb-16\""
    },
    {
      "original": "mb-2 mb-3",
      "resolved": "mb-3",
      "context": "class=\"text-base text-lg mb-2 mb-3\""
    },
    {
      "original": "mb-2 mb-3",
      "resolved": "mb-3",
      "context": "class=\"text-base text-lg mb-2 mb-3\""
    },
    {
      "original": "mb-2 mb-3",
      "resolved": "mb-3",
      "context": "class=\"text-base text-lg mb-2 mb-3\""
    },
    {
      "original": "mb-2 mb-3",
      "resolved": "mb-3",
      "context": "class=\"text-base text-lg mb-2 mb-3\""
    },
    {
      "original": "mb-2 mb-3",
      "resolved": "mb-3",
      "context": "class=\"text-base text-lg mb-2 mb-3\""
    },
    {
      "original": "mb-2 mb-3",
      "resolved": "mb-3",
      "context": "class=\"text-base text-lg mb-2 mb-3\""
    },
    {
      "original": "mb-2 mb-3",
      "resolved": "mb-3",
      "context": "class=\"text-base text-lg mb-2 mb-3\""
    },
    {
      "original": "mb-3 mb-4",
      "resolved": "mb-4",
      "context": "class=\"text-2xl text-3xl mb-3 mb-4\""
    },
    {
      "original": "mb-3 mb-4",
      "resolved": "mb-4",
      "context": "class=\"text-2xl text-3xl mb-3 mb-4\""
    },
    {
      "original": "mb-3 mb-4",
      "resolved": "mb-4",
      "context": "class=\"text-2xl text-3xl mb-3 mb-4\""
    },
    {
      "original": "mt-12 mt-16",
      "resolved": "mt-16",
      "context": "class=\"mt-12 mt-16 text-center\""
    },
    {
      "original": "mb-8 mb-10",
      "resolved": "mb-10",
      "context": "class=\"mb-8 mb-10 text-center\""
    },
    {
      "original": "text-4xl text-5xl",
      "resolved": "text-5xl",
      "context": "class=\"text-4xl text-5xl animate-float mb-6\""
    },
    {
      "original": "text-2xl text-3xl",
      "resolved": "text-3xl",
      "context": "class=\"text-2xl text-3xl mb-8\""
    },
    {
      "original": "text-2xl text-3xl",
      "resolved": "text-3xl",
      "context": "class=\"text-2xl text-3xl mb-8\""
    },
    {
      "original": "text-2xl text-3xl",
      "resolved": "text-3xl",
      "context": "class=\"text-2xl text-3xl mb-8\""
    },
    {
      "original": "text-2xl text-3xl",
      "resolved": "text-3xl",
      "context": "class=\"text-2xl text-3xl mb-4\""
    },
    {
      "original": "text-2xl text-3xl",
      "resolved": "text-3xl",
      "context": "class=\"text-2xl text-3xl mb-4\""
    },
    {
      "original": "text-2xl text-3xl",
      "resolved": "text-3xl",
      "context": "class=\"text-2xl text-3xl mb-4\""
    },
    {
      "original": "text-2xl text-3xl",
      "resolved": "text-3xl",
      "context": "class=\"text-2xl text-3xl mb-6\""
    },
    {
      "original": "text-2xl text-3xl",
      "resolved": "text-3xl",
      "context": "class=\"text-2xl text-3xl mb-3\""
    },
    {
      "original": "text-base text-lg",
      "resolved": "text-lg",
      "context": "class=\"text-base text-lg text-muted-foreground max-w-2xl mx-auto leading-relaxed mb-12\""
    },
    {
      "original": "text-base text-lg",
      "resolved": "text-lg",
      "context": "class=\"btn-premium text-base text-lg py-5 px-10\""
    },
    {
      "original": "text-base text-lg",
      "resolved": "text-lg",
      "context": "class=\"text-base text-lg leading-relaxed\""
    },
    {
      "original": "text-base text-lg",
      "resolved": "text-lg",
      "context": "class=\"text-base text-lg leading-relaxed\""
    },
    {
      "original": "text-base text-lg",
      "resolved": "text-lg",
      "context": "class=\"text-base text-lg mb-3\""
    },
    {
      "original": "text-base text-lg",
      "resolved": "text-lg",
      "context": "class=\"text-base text-lg mb-3\""
    },
    {
      "original": "text-base text-lg",
      "resolved": "text-lg",
      "context": "class=\"text-base text-lg mb-3\""
    },
    {
      "original": "text-base text-lg",
      "resolved": "text-lg",
      "context": "class=\"text-base text-lg mb-3\""
    },
    {
      "original": "text-base text-lg",
      "resolved": "text-lg",
      "context": "class=\"text-base text-lg mb-3\""
    },
    {
      "original": "text-base text-lg",
      "resolved": "text-lg",
      "context": "class=\"text-base text-lg mb-3\""
    },
    {
      "original": "text-base text-lg",
      "resolved": "text-lg",
      "context": "class=\"text-base text-lg mb-3\""
    },
    {
      "original": "text-base text-lg",
      "resolved": "text-lg",
      "context": "class=\"text-base text-lg leading-relaxed mb-6\""
    },
    {
      "original": "text-sm text-base",
      "resolved": "text-base",
      "context": "class=\"text-sm text-base text-muted-foreground leading-relaxed\""
    },
    {
      "original": "text-sm text-base",
      "resolved": "text-base",
      "context": "class=\"text-sm text-base text-muted-foreground leading-relaxed\""
    },
    {
      "original": "text-sm text-base",
      "resolved": "text-base",
      "context": "class=\"text-sm text-base text-muted-foreground leading-relaxed\""
    },
    {
      "original": "text-sm text-base",
      "resolved": "text-base",
      "context": "class=\"text-sm text-base text-muted-foreground leading-relaxed\""
    },
    {
      "original": "text-sm text-base",
      "resolved": "text-base",
      "context": "class=\"text-sm text-base text-muted-foreground leading-relaxed\""
    },
    {
      "original": "text-sm text-base",
      "resolved": "text-base",
      "context": "class=\"text-sm text-base text-muted-foreground leading-relaxed max-w-4xl\""
    },
    {
      "original": "text-sm text-base",
      "resolved": "text-base",
      "context": "class=\"text-sm text-base text-muted-foreground mb-4\""
    },
    {
      "original": "text-xs text-sm",
      "resolved": "text-sm",
      "context": "class=\"inline-flex flex-wrap items-center justify-center gap-x-3 gap-y-2 text-xs text-sm text-muted-foreground font-medium\""
    },
    {
      "original": "text-xs text-sm",
      "resolved": "text-sm",
      "context": "class=\"text-xs text-sm text-muted-foreground leading-relaxed\""
    },
    {
      "original": "text-xs text-sm",
      "resolved": "text-sm",
      "context": "class=\"text-xs text-sm text-muted-foreground leading-relaxed\""
    },
    {
      "original": "text-xs text-sm",
      "resolved": "text-sm",
      "context": "class=\"text-xs text-sm text-muted-foreground leading-relaxed\""
    },
    {
      "original": "text-xs text-sm",
      "resolved": "text-sm",
      "context": "class=\"text-xs text-sm text-muted-foreground leading-relaxed\""
    },
    {
      "original": "gap-4 gap-6",
      "resolved": "gap-6",
      "context": "class=\"grid grid-cols-1 md:grid-cols-2 gap-4 gap-6\""
    },
    {
      "original": "gap-4 gap-6",
      "resolved": "gap-6",
      "context": "class=\"grid grid-cols-1 lg:grid-cols-3 gap-4 gap-6\""
    },
    {
      "original": "gap-4 gap-6",
      "resolved": "gap-6",
      "context": "class=\"grid grid-cols-1 grid-cols-2 gap-4 gap-6 mb-12\""
    },
    {
      "original": "space-y-16 space-y-24",
      "resolved": "space-y-24",
      "context": "class=\"space-y-16 space-y-24\""
    },
    {
      "original": "space-y-4 space-y-6",
      "resolved": "space-y-6",
      "context": "class=\"space-y-4 space-y-6\""
    },
    {
      "original": "grid-cols-1 grid-cols-2",
      "resolved": "grid-cols-1 md:grid-cols-2",
      "context": "class=\"grid grid-cols-1 grid-cols-2 mb-12 gap-6\""
    }
  ],
  "fixes": [
    "Resolved 73 CSS conflicts",
    "Removed duplicate classes within class attributes",
    "Cleaned up whitespace in class attributes"
  ],
  "recommendations": [
    "Use Tailwind CSS purge to remove unused classes in production",
    "Implement component-based styling to prevent class conflicts",
    "Set up CSS linting rules to catch conflicts during development",
    "Consider using Tailwind CSS plugins for custom design tokens",
    "Implement automated CSS optimization in build process"
  ],
  "next_steps": [
    "Verify visual consistency after cleanup",
    "Test responsive behavior across devices",
    "Update build process to prevent future conflicts",
    "Consider migrating to CSS-in-JS for better maintainability"
  ]
}